<?xml version="1.0" encoding="UTF-8"?>
<root>
  <item name="yicheng.android.ui.floatingactionbutton.AddFloatingActionButton void setIcon(int) 0">
    <annotation name="android.support.annotation.DrawableRes" />
  </item>
  <item name="yicheng.android.ui.floatingactionbutton.AddFloatingActionButton void setPlusColorResId(int) 0">
    <annotation name="android.support.annotation.ColorRes" />
  </item>
  <item name="yicheng.android.ui.floatingactionbutton.FloatingActionButton float getDimension(int) 0">
    <annotation name="android.support.annotation.DimenRes" />
  </item>
  <item name="yicheng.android.ui.floatingactionbutton.FloatingActionButton int getColor(int) 0">
    <annotation name="android.support.annotation.ColorRes" />
  </item>
  <item name="yicheng.android.ui.floatingactionbutton.FloatingActionButton int getSize()">
    <annotation name="android.support.annotation.IntDef">
      <val name="value" val="{yicheng.android.ui.floatingactionbutton.FloatingActionButton.SIZE_NORMAL, yicheng.android.ui.floatingactionbutton.FloatingActionButton.SIZE_MINI}" />
    </annotation>
  </item>
  <item name="yicheng.android.ui.floatingactionbutton.FloatingActionButton mIcon">
    <annotation name="android.support.annotation.DrawableRes" />
  </item>
  <item name="yicheng.android.ui.floatingactionbutton.FloatingActionButton void setColorDisabledResId(int) 0">
    <annotation name="android.support.annotation.ColorRes" />
  </item>
  <item name="yicheng.android.ui.floatingactionbutton.FloatingActionButton void setColorNormalResId(int) 0">
    <annotation name="android.support.annotation.ColorRes" />
  </item>
  <item name="yicheng.android.ui.floatingactionbutton.FloatingActionButton void setColorPressedResId(int) 0">
    <annotation name="android.support.annotation.ColorRes" />
  </item>
  <item name="yicheng.android.ui.floatingactionbutton.FloatingActionButton void setIcon(int) 0">
    <annotation name="android.support.annotation.DrawableRes" />
  </item>
  <item name="yicheng.android.ui.floatingactionbutton.FloatingActionButton void setSize(int) 0">
    <annotation name="android.support.annotation.IntDef">
      <val name="value" val="{yicheng.android.ui.floatingactionbutton.FloatingActionButton.SIZE_NORMAL, yicheng.android.ui.floatingactionbutton.FloatingActionButton.SIZE_MINI}" />
    </annotation>
  </item>
  <item name="yicheng.android.ui.floatingactionbutton.FloatingActionsMenu int getColor(int) 0">
    <annotation name="android.support.annotation.ColorRes" />
  </item>
</root>

